{
  "project_info": {
    "project_number": "435003995647",
    "firebase_url": "https://user-registry-4e71d.firebaseio.com",
    "project_id": "user-registry-4e71d",
    "storage_bucket": "user-registry-4e71d.appspot.com"
  },
  "client": [
    {
      "client_info": {
        "mobilesdk_app_id": "1:435003995647:android:eec905cdb414a43e7c63ca",
        "android_client_info": {
          "package_name": "com.sowrabi.userregistry"
        }
      },
      "oauth_client": [
        {
          "client_id": "435003995647-hji8h7i3t6j25hlquuldbidkprfke7dq.apps.googleusercontent.com",
          "client_type": 1,
          "android_info": {
            "package_name": "com.sowrabi.userregistry",
            "certificate_hash": "87e843a562d07ebd7cceb644dff0620c956b1fab"
          }
        },
        {
          "client_id": "435003995647-clg4tikncu8md4j1evhh2dn8nttnbl1e.apps.googleusercontent.com",
          "client_type": 3
        }
      ],
      "api_key": [
        {
          "current_key": "AIzaSyBJsemt-binllvOGjTB0NXVIwB7ULTvFuM"
        }
      ],
      "services": {
        "appinvite_service": {
          "other_platform_oauth_client": [
            {
              "client_id": "435003995647-clg4tikncu8md4j1evhh2dn8nttnbl1e.apps.googleusercontent.com",
              "client_type": 3
            }
          ]
        }
      }
    }
  ],
  "configuration_version": "1"
}